{"stats":{"minecraft:killed_by":{"minecraft:skeleton":1},"minecraft:custom":{"minecraft:jump":35,"minecraft:time_since_rest":6092,"minecraft:leave_game":1,"minecraft:crouch_one_cm":100,"minecraft:walk_on_water_one_cm":63,"minecraft:deaths":1,"minecraft:sprint_one_cm":8236,"minecraft:play_time":7620,"minecraft:damage_taken":330,"minecraft:time_since_death":6038,"minecraft:walk_one_cm":28094,"minecraft:sneak_time":148,"minecraft:total_world_time":7620,"minecraft:walk_under_water_one_cm":789,"minecraft:swim_one_cm":5341,"minecraft:fly_one_cm":1196}},"DataVersion":2860}