{"stats":{"minecraft:killed_by":{"alexsmobs:void_worm":1},"minecraft:mined":{"minecraft:grass_block":1,"minecraft:birch_leaves":1},"minecraft:custom":{"minecraft:time_since_rest":1307,"minecraft:sprint_one_cm":138,"minecraft:deaths":1,"minecraft:leave_game":2,"minecraft:play_time":1805,"minecraft:damage_taken":447,"minecraft:time_since_death":727,"minecraft:walk_one_cm":1680,"minecraft:total_world_time":1805,"minecraft:fall_one_cm":269,"minecraft:fly_one_cm":1134,"minecraft:jump":15},"minecraft:picked_up":{"minecraft:dirt":1}},"DataVersion":2975}