{"stats":{"minecraft:picked_up":{"minecraft:nether_wart":4,"minecraft:torch":1,"minecraft:potion":1,"minecraft:nether_brick":5,"minecraft:netherite_pickaxe":1,"minecraft:flint_and_steel":2,"stalwart_dungeons:tungsten_helmet":1,"minecraft:wheat_seeds":2,"minecraft:netherite_sword":1,"minecraft:glass_bottle":5,"minecraft:netherite_chestplate":1,"minecraft:blaze_rod":2},"minecraft:dropped":{"minecraft:blaze_rod":1,"stalwart_dungeons:tungsten_helmet":1,"minecraft:nether_star":1,"minecraft:netherite_chestplate":1,"minecraft:enchanted_golden_apple":10,"stalwart_dungeons:pusher":1,"stalwart_dungeons:teleporter_pearl":1,"minecraft:flint_and_steel":2},"minecraft:used":{"stalwart_dungeons:pusher":3,"minecraft:flint_and_steel":1,"stalwart_dungeons:chorundum_sword":7,"stalwart_dungeons:netherite_hammer":6,"stalwart_dungeons:awful_dagger":26,"goblintraders:vein_goblin_trader_spawn_egg":1,"goblintraders:goblin_trader_spawn_egg":1,"stalwart_dungeons:tungsten_helmet":1,"stalwart_dungeons:teleporter":1,"minecraft:enchanted_golden_apple":1,"minecraft:splash_potion":4},"minecraft:mined":{"minecraft:grass":2},"minecraft:killed":{"stalwart_dungeons:nether_wart_cocoon":6,"stalwart_dungeons:reinforced_blaze":1,"stalwart_dungeons:giddy_blaze":1},"minecraft:custom":{"minecraft:time_since_rest":18413,"minecraft:sprint_one_cm":7894,"minecraft:walk_one_cm":50905,"minecraft:mob_kills":8,"minecraft:drop":18,"minecraft:damage_dealt":2468,"minecraft:fly_one_cm":148283,"minecraft:open_chest":3,"minecraft:crouch_one_cm":366,"minecraft:play_time":18413,"minecraft:sneak_time":265,"minecraft:walk_under_water_one_cm":1047,"minecraft:jump":86,"minecraft:leave_game":1,"minecraft:walk_on_water_one_cm":515,"minecraft:time_since_death":18413,"minecraft:total_world_time":18413,"minecraft:fall_one_cm":1105}},"DataVersion":2975}