{"stats":{"minecraft:used":{"minecraft:dirt":1,"minecraft:sand":2},"minecraft:picked_up":{"minecraft:sand":2,"minecraft:dirt":3},"minecraft:mined":{"minecraft:grass_block":1,"minecraft:oak_leaves":2,"minecraft:dirt":2,"minecraft:sand":2},"minecraft:custom":{"minecraft:jump":79,"minecraft:time_since_rest":4021,"minecraft:leave_game":1,"minecraft:walk_on_water_one_cm":64,"minecraft:sprint_one_cm":17281,"minecraft:play_time":4021,"minecraft:damage_taken":20,"minecraft:time_since_death":4021,"minecraft:walk_one_cm":2215,"minecraft:total_world_time":4021,"minecraft:fall_one_cm":1297,"minecraft:fly_one_cm":20771}},"DataVersion":2975}