{"stats":{"minecraft:used":{"goblintraders:goblin_trader_spawn_egg":1,"goblintraders:vein_goblin_trader_spawn_egg":1},"minecraft:mined":{"minecraft:grass":2},"minecraft:custom":{"minecraft:jump":17,"minecraft:time_since_rest":3154,"minecraft:damage_dealt":60,"minecraft:sprint_one_cm":1337,"minecraft:play_time":3154,"minecraft:walk_on_water_one_cm":334,"minecraft:time_since_death":3154,"minecraft:walk_one_cm":3693,"minecraft:sneak_time":33,"minecraft:total_world_time":3154,"minecraft:walk_under_water_one_cm":1047,"minecraft:fall_one_cm":1105,"minecraft:fly_one_cm":74569}},"DataVersion":2975}