{"stats":{"minecraft:dropped":{"minecraft:rotten_flesh":3,"minecraft:sand":2,"minecraft:wheat_seeds":3},"minecraft:used":{"minecraft:dirt":1,"minecraft:crafting_table":1},"minecraft:crafted":{"minecraft:oak_planks":16,"minecraft:crafting_table":1,"minecraft:stick":4},"minecraft:picked_up":{"minecraft:rotten_flesh":3,"minecraft:wheat_seeds":3,"minecraft:sand":3,"minecraft:oak_log":8,"minecraft:dirt":1},"minecraft:killed_by":{"minecraft:creeper":1},"minecraft:mined":{"minecraft:grass":2,"minecraft:grass_block":1,"minecraft:oak_log":4,"minecraft:sand":1},"minecraft:custom":{"minecraft:time_since_rest":1578,"minecraft:deaths":1,"minecraft:crouch_one_cm":24,"minecraft:play_time":6328,"minecraft:sprint_one_cm":12724,"minecraft:damage_taken":275,"minecraft:walk_one_cm":6054,"minecraft:sneak_time":17,"minecraft:drop":5,"minecraft:jump":122,"minecraft:damage_dealt":6,"minecraft:leave_game":6,"minecraft:time_since_death":1532,"minecraft:total_world_time":6328,"minecraft:interact_with_crafting_table":2,"minecraft:fall_one_cm":2765,"minecraft:fly_one_cm":33791}},"DataVersion":2860}