{"stats":{"minecraft:dropped":{"minecraft:rotten_flesh":3,"minecraft:sand":2,"minecraft:wheat_seeds":3},"minecraft:used":{"minecraft:dirt":1,"minecraft:sand":4,"minecraft:crafting_table":1,"minecraft:wooden_pickaxe":1},"minecraft:crafted":{"minecraft:oak_planks":16,"minecraft:crafting_table":1,"minecraft:stick":4,"minecraft:wooden_pickaxe":1},"minecraft:picked_up":{"minecraft:rotten_flesh":3,"minecraft:wheat_seeds":3,"minecraft:sand":7,"minecraft:oak_log":8,"minecraft:dirt":1},"minecraft:killed_by":{"minecraft:creeper":1},"minecraft:mined":{"minecraft:grass":5,"minecraft:grass_block":1,"minecraft:oak_log":4,"minecraft:sand":1},"minecraft:custom":{"minecraft:time_since_rest":2886,"minecraft:deaths":1,"minecraft:crouch_one_cm":24,"minecraft:play_time":7636,"minecraft:sprint_one_cm":19956,"minecraft:damage_taken":275,"minecraft:walk_one_cm":6517,"minecraft:sneak_time":17,"minecraft:drop":5,"minecraft:jump":210,"minecraft:damage_dealt":36,"minecraft:leave_game":7,"minecraft:time_since_death":2840,"minecraft:total_world_time":7636,"minecraft:interact_with_crafting_table":2,"minecraft:fall_one_cm":4820,"minecraft:fly_one_cm":60125}},"DataVersion":2860}