{"stats":{"minecraft:custom":{"minecraft:jump":22,"minecraft:time_since_rest":4836,"minecraft:damage_dealt":10,"minecraft:sprint_one_cm":1659,"minecraft:leave_game":5,"minecraft:play_time":4836,"minecraft:damage_taken":60,"minecraft:time_since_death":4836,"minecraft:walk_one_cm":3207,"minecraft:total_world_time":4836,"minecraft:fall_one_cm":729,"minecraft:drop":1,"minecraft:fly_one_cm":1603},"minecraft:dropped":{"alexsmobs:animal_dictionary":1},"minecraft:picked_up":{"alexsmobs:animal_dictionary":1}},"DataVersion":2975}