{"stats":{"minecraft:mined":{"minecraft:dead_bush":1},"minecraft:custom":{"minecraft:jump":65,"minecraft:time_since_rest":480,"minecraft:leave_game":1,"minecraft:damage_dealt":50,"minecraft:deaths":1,"minecraft:sprint_one_cm":4172,"minecraft:play_time":5135,"minecraft:damage_taken":239,"minecraft:time_since_death":55,"minecraft:walk_one_cm":9954,"minecraft:total_world_time":5135,"minecraft:drop":3,"minecraft:fall_one_cm":3112,"minecraft:fly_one_cm":13003},"minecraft:dropped":{"alexsmobs:animal_dictionary":1,"minecraft:stick":2},"minecraft:killed_by":{"minecraft:husk":1},"minecraft:picked_up":{"minecraft:stick":2}},"DataVersion":2975}