{"stats":{"minecraft:custom":{"minecraft:jump":16,"minecraft:open_chest":2,"minecraft:time_since_rest":5877,"minecraft:damage_taken":20,"minecraft:crouch_one_cm":50,"minecraft:leave_game":7,"minecraft:play_time":15361,"minecraft:sprint_one_cm":281,"minecraft:time_since_death":5832,"minecraft:walk_one_cm":3825,"minecraft:deaths":1,"minecraft:sneak_time":612,"minecraft:total_world_time":15361,"minecraft:climb_one_cm":374,"minecraft:fall_one_cm":751,"minecraft:fly_one_cm":166124},"minecraft:picked_up":{"alexsmobs:animal_dictionary":1},"minecraft:used":{"alexsmobs:spawn_egg_frilled_shark":2,"alexsmobs:spawn_egg_skelewag":14,"alexsmobs:spawn_egg_void_worm":23}},"DataVersion":2975}