{"stats":{"minecraft:used":{"alexsmobs:spawn_egg_frilled_shark":2,"alexsmobs:spawn_egg_skelewag":14,"alexsmobs:spawn_egg_void_worm":23},"minecraft:custom":{"minecraft:jump":9,"minecraft:time_since_rest":406,"minecraft:deaths":1,"minecraft:crouch_one_cm":47,"minecraft:leave_game":5,"minecraft:play_time":9890,"minecraft:sprint_one_cm":281,"minecraft:damage_taken":20,"minecraft:time_since_death":361,"minecraft:walk_one_cm":2097,"minecraft:sneak_time":102,"minecraft:total_world_time":9890,"minecraft:fall_one_cm":751,"minecraft:fly_one_cm":84418},"minecraft:picked_up":{"alexsmobs:animal_dictionary":1}},"DataVersion":2975}