{"stats":{"minecraft:killed_by":{"minecraft:skeleton":1},"minecraft:custom":{"minecraft:jump":115,"minecraft:time_since_rest":2058,"minecraft:deaths":1,"minecraft:damage_taken":300,"minecraft:leave_game":4,"minecraft:play_time":12167,"minecraft:sprint_one_cm":12545,"minecraft:time_since_death":1973,"minecraft:walk_one_cm":7220,"minecraft:total_world_time":12167,"minecraft:fall_one_cm":4087,"minecraft:fly_one_cm":29032},"minecraft:picked_up":{"minecraft:oak_log":3,"minecraft:oak_planks":4},"minecraft:mined":{"minecraft:grass":1,"minecraft:oak_log":3},"minecraft:crafted":{"minecraft:oak_planks":4},"minecraft:used":{"minecraft:oak_planks":4,"minecraft:oak_log":2}},"DataVersion":2975}