{"stats":{"minecraft:picked_up":{"minecraft:ghast_tear":4,"stalwart_dungeons:awful_crystal":4,"stalwart_dungeons:teleporter_pearl":3,"minecraft:nether_wart":8,"stalwart_dungeons:shulker_cannon_item":1,"minecraft:torch":1,"minecraft:potion":2,"minecraft:nether_brick":6,"stalwart_dungeons:awful_gun":1,"minecraft:flint_and_steel":1,"stalwart_dungeons:blaze_armor_scrap":6,"minecraft:wheat_seeds":1,"minecraft:iron_ingot":3,"minecraft:enchanted_golden_apple":10,"minecraft:netherite_chestplate":1,"minecraft:blaze_rod":13,"minecraft:nether_star":1},"minecraft:dropped":{"minecraft:iron_ingot":3,"minecraft:wheat_seeds":1,"minecraft:nether_wart":4,"minecraft:blaze_rod":1,"minecraft:torch":1,"minecraft:nether_brick":3,"minecraft:netherite_chestplate":1,"minecraft:potion":1,"stalwart_dungeons:teleporter_pearl":1},"minecraft:used":{"minecraft:netherite_sword":6,"minecraft:flint_and_steel":1,"stalwart_dungeons:chorundum_sword":18,"minecraft:torch":14,"stalwart_dungeons:awful_ghast_altar":1,"minecraft:enchanted_golden_apple":2},"minecraft:killed":{"stalwart_dungeons:reinforced_blaze":7,"stalwart_dungeons:giddy_blaze":2},"minecraft:killed_by":{"stalwart_dungeons:reinforced_blaze":1},"minecraft:custom":{"minecraft:time_since_rest":7833,"minecraft:damage_absorbed":133,"minecraft:sprint_one_cm":2871,"minecraft:damage_taken":708,"minecraft:walk_one_cm":51610,"minecraft:mob_kills":10,"minecraft:drop":16,"minecraft:damage_dealt":2201,"minecraft:fly_one_cm":49758,"minecraft:open_chest":6,"minecraft:crouch_one_cm":137,"minecraft:play_time":15118,"minecraft:deaths":2,"minecraft:sneak_time":253,"minecraft:jump":56,"minecraft:leave_game":1,"minecraft:walk_on_water_one_cm":190,"minecraft:time_since_death":7811,"minecraft:total_world_time":15118,"minecraft:damage_resisted":28,"minecraft:fall_one_cm":2262}},"DataVersion":2975}