{"stats":{"minecraft:used":{"minecraft:oak_log":1},"minecraft:picked_up":{"minecraft:oak_log":1,"minecraft:wheat_seeds":1},"minecraft:mined":{"minecraft:grass":3,"minecraft:oak_log":1},"minecraft:custom":{"minecraft:jump":23,"minecraft:leave_game":1,"minecraft:time_since_rest":10185,"minecraft:damage_taken":30,"minecraft:damage_dealt":15,"minecraft:walk_on_water_one_cm":784,"minecraft:sprint_one_cm":3871,"minecraft:play_time":10185,"minecraft:time_since_death":10185,"minecraft:walk_one_cm":846,"minecraft:total_world_time":10185,"minecraft:walk_under_water_one_cm":108,"minecraft:fall_one_cm":627,"minecraft:fly_one_cm":6348}},"DataVersion":2860}