{
  "dungeons_arise:wda_root": {
    "criteria": {
      "WDA": "2024-07-05 01:57:41 +0000"
    },
    "done": true
  },
  "mowziesmobs:root": {
    "criteria": {
      "custom_test_name": "2024-07-05 01:57:41 +0000"
    },
    "done": true
  },
  "tombstone:adventure/root": {
    "criteria": {
      "auto": "2024-07-05 01:57:41 +0000"
    },
    "done": true
  },
  "minecraft:adventure/adventuring_time": {
    "criteria": {
      "minecraft:badlands": "2024-07-05 01:57:41 +0000"
    },
    "done": false
  },
  "DataVersion": 2975
}