{
  "minecraft:recipes/transportation/acacia_boat": {
    "criteria": {
      "in_water": "2024-07-04 05:50:12 +0000"
    },
    "done": true
  },
  "minecraft:recipes/transportation/oak_boat": {
    "criteria": {
      "in_water": "2024-07-04 05:50:12 +0000"
    },
    "done": true
  },
  "minecraft:recipes/transportation/dark_oak_boat": {
    "criteria": {
      "in_water": "2024-07-04 05:50:12 +0000"
    },
    "done": true
  },
  "minecraft:recipes/transportation/birch_boat": {
    "criteria": {
      "in_water": "2024-07-04 05:50:12 +0000"
    },
    "done": true
  },
  "tombstone:adventure/root": {
    "criteria": {
      "auto": "2024-07-04 05:48:43 +0000"
    },
    "done": true
  },
  "minecraft:recipes/transportation/jungle_boat": {
    "criteria": {
      "in_water": "2024-07-04 05:50:12 +0000"
    },
    "done": true
  },
  "minecraft:recipes/transportation/spruce_boat": {
    "criteria": {
      "in_water": "2024-07-04 05:50:12 +0000"
    },
    "done": true
  },
  "minecraft:adventure/adventuring_time": {
    "criteria": {
      "minecraft:taiga": "2024-07-04 05:50:38 +0000",
      "minecraft:river": "2024-07-04 05:50:26 +0000",
      "minecraft:stony_shore": "2024-07-04 05:49:05 +0000",
      "minecraft:cold_ocean": "2024-07-04 05:50:09 +0000",
      "minecraft:forest": "2024-07-04 05:50:28 +0000",
      "minecraft:ocean": "2024-07-04 05:50:08 +0000",
      "minecraft:plains": "2024-07-04 05:48:43 +0000"
    },
    "done": false
  },
  "DataVersion": 2975
}