{
  "dungeons_arise:wda_root": {
    "criteria": {
      "WDA": "2024-07-05 00:32:27 +0000"
    },
    "done": true
  },
  "dungeons_arise:find_undead_pirate_ship": {
    "criteria": {
      "location0": "2024-07-05 01:09:32 +0000"
    },
    "done": true
  },
  "mowziesmobs:root": {
    "criteria": {
      "custom_test_name": "2024-07-05 00:32:27 +0000"
    },
    "done": true
  },
  "tombstone:adventure/root": {
    "criteria": {
      "auto": "2024-07-05 00:32:27 +0000"
    },
    "done": true
  },
  "alexsmobs:recipes/decorations/void_worm_effigy": {
    "criteria": {
      "has_items": "2024-07-05 00:33:11 +0000"
    },
    "done": true
  },
  "minecraft:adventure/adventuring_time": {
    "criteria": {
      "minecraft:lukewarm_ocean": "2024-07-05 01:09:32 +0000",
      "minecraft:stony_shore": "2024-07-05 00:32:52 +0000",
      "minecraft:forest": "2024-07-05 00:32:27 +0000",
      "minecraft:lush_caves": "2024-07-05 01:08:49 +0000",
      "minecraft:jungle": "2024-07-05 00:51:20 +0000"
    },
    "done": false
  },
  "DataVersion": 2975
}